{
  "10": {
    "self_model": {
      "own_error_mean": 0.007728808559477329,
      "own_error_std": 0.01914677768945694,
      "noise_error_mean": 1.1565911769866943,
      "noise_error_std": 1.456546425819397,
      "own_vs_noise_t": -78.70712016056667,
      "own_vs_noise_p": 0.0,
      "self_model_vs_noise": true,
      "other_error_mean": 16.390512466430664,
      "other_error_std": 0.0698867067694664,
      "own_vs_other_t": -22562.378673439234,
      "own_vs_other_p": 0.0,
      "self_model_vs_other": true,
      "self_model_detected": true
    },
    "surprise": {
      "mean_surprise_interesting": 0.010805604979395866,
      "mean_surprise_boring": 0.007744337432086468,
      "surprise_ratio": 1.395291085151572,
      "surprise_t_stat": 1.9173603000692956,
      "surprise_p_val": 0.055211224686450955,
      "per_system_ratios": {
        "lorenz": 1.3952910900115967,
        "rossler": 1.0,
        "double_pendulum": 1.0,
        "coupled_oscillators": 1.0,
        "van_der_pol": 1.0,
        "damped_sine": 1.0,
        "step_function": 1.0,
        "logistic_map": 1.0
      },
      "surprise_is_meaningful": true
    },
    "temporal": {
      "window_1_error": 3.8203107595443724,
      "window_4_error": 2.7872130393981935,
      "window_16_error": 0.30501960664987565,
      "window_64_error": 0.006477002799510956,
      "window_128_error": 0.006476970994845033,
      "window_250_error": 0.00647697108797729,
      "window_500_error": 0.006476971227675677,
      "plateau_window": 64,
      "full_vs_minimal_ratio": 589.8298178661707,
      "has_temporal_integration": true
    },
    "time_constants": {
      "mean_tau": 76.14984130859375,
      "std_tau": 205.41017150878906,
      "tau_min": 0.0010000000474974513,
      "tau_max": 1000.0,
      "tau_vs_executor_change_corr": -0.1114204078912735,
      "has_adaptive_timescales": true
    },
    "phi": {
      "phi_approx": -1.7693471350386816,
      "phi_std": 6.509021958138739e-06,
      "phi_min": -1.7693575904157157,
      "phi_max": -1.769340324777076,
      "has_integration": false
    },
    "summary": {
      "positive_count": 4,
      "total_count": 5,
      "indicators": {
        "self_model": true,
        "surprise": true,
        "temporal": true,
        "time_constants": true,
        "phi": false
      }
    }
  },
  "20": {
    "self_model": {
      "own_error_mean": 0.0022000810131430626,
      "own_error_std": 0.02126842923462391,
      "noise_error_mean": 0.5660656094551086,
      "noise_error_std": 0.9090560078620911,
      "own_vs_noise_t": -61.883367384262264,
      "own_vs_noise_p": 0.0,
      "self_model_vs_noise": true,
      "other_error_mean": 17.124919891357422,
      "other_error_std": 0.07610747963190079,
      "own_vs_other_t": -21623.453076016976,
      "own_vs_other_p": 0.0,
      "self_model_vs_other": true,
      "self_model_detected": true
    },
    "surprise": {
      "mean_surprise_interesting": 0.00538652203977108,
      "mean_surprise_boring": 0.002230715937912464,
      "surprise_ratio": 2.4147054980079017,
      "surprise_t_stat": 1.7797436378143257,
      "surprise_p_val": 0.07513824940504919,
      "per_system_ratios": {
        "lorenz": 2.414705514907837,
        "rossler": 1.0,
        "double_pendulum": 1.0,
        "coupled_oscillators": 1.0,
        "van_der_pol": 1.0,
        "damped_sine": 1.0,
        "step_function": 1.0,
        "logistic_map": 1.0
      },
      "surprise_is_meaningful": true
    },
    "temporal": {
      "window_1_error": 0.020359891280531884,
      "window_4_error": 0.0032974075293168426,
      "window_16_error": 0.0007455911400029436,
      "window_64_error": 0.0007418399211019278,
      "window_128_error": 0.0007418399414746091,
      "window_250_error": 0.0007418398512527346,
      "window_500_error": 0.0007418401073664427,
      "plateau_window": 16,
      "full_vs_minimal_ratio": 27.445120691587007,
      "has_temporal_integration": true
    },
    "time_constants": {
      "mean_tau": 94.94952392578125,
      "std_tau": 279.3052978515625,
      "tau_min": 0.0010000000474974513,
      "tau_max": 1000.0,
      "tau_vs_executor_change_corr": -0.10821248590946198,
      "has_adaptive_timescales": true
    },
    "phi": {
      "phi_approx": -5.275094185902861,
      "phi_std": 1.0302964522750814e-05,
      "phi_min": -5.275107003268644,
      "phi_max": -5.275082027417298,
      "has_integration": false
    },
    "summary": {
      "positive_count": 4,
      "total_count": 5,
      "indicators": {
        "self_model": true,
        "surprise": true,
        "temporal": true,
        "time_constants": true,
        "phi": false
      }
    }
  },
  "50": {
    "self_model": {
      "own_error_mean": 0.0017976128729060292,
      "own_error_std": 0.020395411178469658,
      "noise_error_mean": 0.11102110892534256,
      "noise_error_std": 0.16733193397521973,
      "own_vs_noise_t": -64.66106291971249,
      "own_vs_noise_p": 0.0,
      "self_model_vs_noise": true,
      "other_error_mean": 22.1600399017334,
      "other_error_std": 0.7514620423316956,
      "own_vs_other_t": -2941.5501125075693,
      "own_vs_other_p": 0.0,
      "self_model_vs_other": true,
      "self_model_detected": true
    },
    "surprise": {
      "mean_surprise_interesting": 0.005160949658602476,
      "mean_surprise_boring": 0.0017891624011099339,
      "surprise_ratio": 2.8845618795704646,
      "surprise_t_stat": 1.9839738119964954,
      "surprise_p_val": 0.047277032014061214,
      "per_system_ratios": {
        "lorenz": 2.884561777114868,
        "rossler": 1.0,
        "double_pendulum": 1.0,
        "coupled_oscillators": 1.0,
        "van_der_pol": 1.0,
        "damped_sine": 1.0,
        "step_function": 1.0,
        "logistic_map": 1.0
      },
      "surprise_is_meaningful": true
    },
    "temporal": {
      "window_1_error": 0.01031642141751945,
      "window_4_error": 0.0031947273062542083,
      "window_16_error": 0.0007820701692253351,
      "window_64_error": 0.00042296694155083967,
      "window_128_error": 0.00042294025624869393,
      "window_250_error": 0.00042293914302717896,
      "window_500_error": 0.0004229391342960298,
      "plateau_window": 64,
      "full_vs_minimal_ratio": 24.39221292371263,
      "has_temporal_integration": true
    },
    "time_constants": {
      "mean_tau": 79.08573150634766,
      "std_tau": 233.29421997070312,
      "tau_min": 0.0010000000474974513,
      "tau_max": 1000.0,
      "tau_vs_executor_change_corr": -0.14841008186340332,
      "has_adaptive_timescales": true
    },
    "phi": {
      "phi_approx": -6.006744092212,
      "phi_std": 3.0791674525592964e-05,
      "phi_min": -6.006776470538625,
      "phi_max": -6.006703278565112,
      "has_integration": false
    },
    "summary": {
      "positive_count": 4,
      "total_count": 5,
      "indicators": {
        "self_model": true,
        "surprise": true,
        "temporal": true,
        "time_constants": true,
        "phi": false
      }
    }
  },
  "100": {
    "self_model": {
      "own_error_mean": 0.0013074057642370462,
      "own_error_std": 0.01899099536240101,
      "noise_error_mean": 0.2874770164489746,
      "noise_error_std": 0.36378175020217896,
      "own_vs_noise_t": -78.39701216393291,
      "own_vs_noise_p": 0.0,
      "self_model_vs_noise": true,
      "other_error_mean": 32.83727264404297,
      "other_error_std": 1.4655449390411377,
      "own_vs_other_t": -2235.743734144639,
      "own_vs_other_p": 0.0,
      "self_model_vs_other": true,
      "self_model_detected": true
    },
    "surprise": {
      "mean_surprise_interesting": 0.004340307787060738,
      "mean_surprise_boring": 0.0012836328241974115,
      "surprise_ratio": 3.3812689308365926,
      "surprise_t_stat": 1.9309434288016158,
      "surprise_p_val": 0.05350894826028674,
      "per_system_ratios": {
        "lorenz": 3.3812689781188965,
        "rossler": 1.0,
        "double_pendulum": 1.0,
        "coupled_oscillators": 1.0,